[
  {
    "id": "77fc1aea-122b-48d4-8c95-9a909f660bb5",
    "data": [
      {
        "text": "order pizza with ",
        "userDefined": false
      },
      {
        "text": "pineapple",
        "meta": "@topping",
        "alias": "topping",
        "userDefined": true
      }
    ],
    "isTemplate": false,
    "count": 0,
    "lang": "en",
    "updated": 0
  },
  {
    "id": "4f8d5f76-f605-4cae-830d-921d95e62bde",
    "data": [
      {
        "text": "order pizza with ",
        "userDefined": false
      },
      {
        "text": "chilli",
        "meta": "@topping",
        "alias": "topping",
        "userDefined": true
      }
    ],
    "isTemplate": false,
    "count": 0,
    "lang": "en",
    "updated": 0
  },
  {
    "id": "20094ef2-3377-4eb6-a6c3-c3c3644ca099",
    "data": [
      {
        "text": "order pizza with ",
        "userDefined": false
      },
      {
        "text": "olives",
        "meta": "@topping",
        "alias": "topping",
        "userDefined": true
      }
    ],
    "isTemplate": false,
    "count": 0,
    "lang": "en",
    "updated": 0
  },
  {
    "id": "7df28ab2-fc68-47d0-9095-db6d301dbf02",
    "data": [
      {
        "text": "order pizza with ",
        "userDefined": false
      },
      {
        "text": "mayo",
        "meta": "@topping",
        "alias": "topping",
        "userDefined": true
      }
    ],
    "isTemplate": false,
    "count": 0,
    "lang": "en",
    "updated": 0
  },
  {
    "id": "e1292a33-02d0-464d-b506-21a04447aa66",
    "data": [
      {
        "text": "order pizza with ",
        "userDefined": false
      },
      {
        "text": "cheese",
        "meta": "@topping",
        "alias": "topping",
        "userDefined": true
      },
      {
        "text": ".",
        "userDefined": false
      }
    ],
    "isTemplate": false,
    "count": 0,
    "lang": "en",
    "updated": 0
  },
  {
    "id": "f5a024b9-ff7c-4540-86de-acd5abd4d59d",
    "data": [
      {
        "text": "could you order pizza ",
        "userDefined": false
      },
      {
        "text": "here",
        "meta": "@sys.address",
        "alias": "address",
        "userDefined": true
      }
    ],
    "isTemplate": false,
    "count": 0,
    "lang": "en",
    "updated": 0
  },
  {
    "id": "fc319fde-2575-4a0c-8c87-1198d417eb74",
    "data": [
      {
        "text": "Could you order pizza ",
        "userDefined": false
      },
      {
        "text": "now",
        "meta": "@sys.time",
        "alias": "time",
        "userDefined": true
      }
    ],
    "isTemplate": false,
    "count": 0,
    "lang": "en",
    "updated": 0
  },
  {
    "id": "1e07de39-3954-45b0-bf07-7f0fa9fc1ab8",
    "data": [
      {
        "text": "please order pizza with ",
        "userDefined": false
      },
      {
        "text": "olives.",
        "meta": "@topping",
        "alias": "topping",
        "userDefined": true
      }
    ],
    "isTemplate": false,
    "count": 0,
    "lang": "en",
    "updated": 0
  },
  {
    "id": "13509874-b880-4aea-8b24-727cbe2477fe",
    "data": [
      {
        "text": "Please order small ",
        "userDefined": false
      },
      {
        "text": "size",
        "meta": "@size",
        "alias": "size",
        "userDefined": true
      },
      {
        "text": " pizza!",
        "userDefined": false
      }
    ],
    "isTemplate": false,
    "count": 0,
    "lang": "en",
    "updated": 0
  },
  {
    "id": "227882c8-dcce-41f5-a345-b96e9bcb4251",
    "data": [
      {
        "text": "Order pizza from phone number ",
        "userDefined": false
      },
      {
        "text": "9809665465",
        "meta": "@sys.phone-number",
        "alias": "phone-number",
        "userDefined": true
      }
    ],
    "isTemplate": false,
    "count": 0,
    "lang": "en",
    "updated": 0
  },
  {
    "id": "ed8e7d48-3cd6-4ed7-9430-4ee9b008f401",
    "data": [
      {
        "text": "Order pizza at my mail ",
        "userDefined": false
      },
      {
        "text": "sindhu@gmail.com",
        "meta": "@sys.email",
        "alias": "email",
        "userDefined": true
      }
    ],
    "isTemplate": false,
    "count": 0,
    "lang": "en",
    "updated": 0
  },
  {
    "id": "06f30457-03c4-4351-8ce4-b79997cc521c",
    "data": [
      {
        "text": "Hey how about pizza!",
        "userDefined": false
      }
    ],
    "isTemplate": false,
    "count": 0,
    "lang": "en",
    "updated": 0
  },
  {
    "id": "071c4126-ae9b-45ba-994e-ac00abdc5c8a",
    "data": [
      {
        "text": "Pizza",
        "userDefined": false
      }
    ],
    "isTemplate": false,
    "count": 0,
    "lang": "en",
    "updated": 0
  },
  {
    "id": "ce26e4c9-bf8f-4fc6-b116-718f56513330",
    "data": [
      {
        "text": "Please order pizza!",
        "userDefined": false
      }
    ],
    "isTemplate": false,
    "count": 0,
    "lang": "en",
    "updated": 0
  },
  {
    "id": "027a5dd1-3a11-45ba-9130-329c650751a6",
    "data": [
      {
        "text": "I want to order pizza.",
        "userDefined": false
      }
    ],
    "isTemplate": false,
    "count": 0,
    "lang": "en",
    "updated": 0
  }
]